Event Name,Properties,Short Description of TRIGGER
mobile_otc_brand_page_view,"brand_id, brand_name",RCA: Brand page discovery and brand interest tracking (mobile). Pre-events: OTC category page, brand carousel click
mobile_otc_brand_banner_product_click,"brand_id, product_id, position",RCA: Featured product engagement from brand banner (mobile). Pre-events: Brand page view
mobile_otc_brand_sale_product_click,"brand_id, product_id, position, discount_percent",RCA: Sale product interest and discount effectiveness (mobile). Pre-events: Brand page view, scroll to sale section
mobile_otc_brand_all_products_load_more_click,"brand_id, current_product_count",RCA: Brand catalog exploration depth (mobile). Pre-events: View all products section
mobile_otc_brand_product_card_click,"brand_id, product_id, position, section",RCA: Product interest from brand page (mobile). Pre-events: Brand page view
mobile_otc_brand_crm_subscribe_click,"brand_id, email",RCA: Brand-specific lead generation and newsletter opt-in (mobile). Pre-events: Scroll to CRM section
mobile_otc_brand_review_swipe,"brand_id, direction",RCA: Trust signal engagement via swipe gesture (mobile). Pre-events: View review section
